Designator,Mid X,Mid Y,Rotation,Layer
C11,95.87868,78,180,Bottom
C12,95.87868,82,180,Bottom
C13,95.87868,80,180,Bottom
C14,95.87868,84,180,Bottom
C15,95.87868,74,180,Bottom
C16,95.87868,70,180,Bottom
C17,95.87868,76,180,Bottom
C18,95.87868,72,180,Bottom
C20,100.87868,71,90,Bottom
C21,102.87868,71,90,Bottom
C27,86.90368,87.1375,90,Bottom
D1,83.87868,70,-90,Bottom
D2,75.87868,70,-90,Bottom
J1,24.17868,82.1,-90,Bottom
J2,114.08868,82.15,-90,Bottom
J3,122.67368,15.275,0,Bottom
J4,19.67368,15.275,0,Bottom
J5,35.77868,15.275,0,Bottom
J6,85.18368,15.275,0,Bottom
J7,48.18368,15.275,0,Bottom
R4,86.87868,60,-90,Bottom
R14,74.87868,60,-90,Bottom
R18,76.87868,60,-90,Bottom
R20,86.87868,63,-90,Bottom
R21,80.87868,63,-90,Bottom
R22,82.87868,63,-90,Bottom
R23,84.87868,63,-90,Bottom
R24,78.87868,63,-90,Bottom
R25,72.87868,63,-90,Bottom
R26,74.87868,63,-90,Bottom
R27,76.87868,63,-90,Bottom
R28,89.87868,78,180,Bottom
R29,89.87868,80,180,Bottom
R30,89.87868,74,180,Bottom
R31,89.87868,76,180,Bottom
R32,89.87868,82,180,Bottom
R33,89.87868,84,180,Bottom
R34,89.87868,70,180,Bottom
R35,89.87868,72,180,Bottom
U1,79.87868,87,90,Bottom
U2,83.87868,77,90,Bottom
U3,75.87868,77,90,Bottom
U4,101.87868,76,180,Bottom
U5,61.57868,72.245,0,Bottom
U6,61.57868,78.83,0,Bottom
U7,61.57868,85.415,0,Bottom
U8,49.87868,71,0,Bottom
U9,99.87868,45,180,Bottom
U13,49.87868,78,180,Bottom
U14,50.019254,62,-90,Bottom
U15,49.87868,85,180,Bottom
C1,75.87868,77,-90,Top
C2,83.87868,77,-90,Top
C3,86.87868,63,90,Top
C4,78.87868,63,90,Top
C5,80.87868,63,90,Top
C6,72.87868,63,90,Top
C7,82.87868,63,90,Top
C8,74.87868,63,90,Top
C9,84.87868,63,90,Top
C10,76.87868,63,90,Top
C19,101.211181,76,180,Top
C22,59.87868,70.34,0,Top
C23,59.87868,76.925,0,Top
C24,59.87868,83.51,0,Top
C25,48.17868,69.095,0,Top
C26,101.57868,46.905,180,Top
D3,60.22868,72.415,0,Top
D4,60.22868,79,0,Top
D5,60.22868,85.585,0,Top
D6,48.52868,71.17,0,Top
D7,101.22868,44.83,180,Top
J8,137.12268,34.977,180,Top
J9,137.12268,75.617,180,Top
J10,115.51868,96.847,-90,Top
J11,74.87868,96.847,-90,Top
J12,34.23868,96.847,-90,Top
J13,12.63468,75.617,0,Top
J14,12.63468,34.977,0,Top
R1,61.87868,63,-90,Top
R2,56.87868,63,-90,Top
R3,122.87868,89,0,Top
R7,78.87868,60,90,Top
R9,80.87868,60,90,Top
R11,72.87868,60,90,Top
R13,82.87868,60,90,Top
R17,84.87868,60,90,Top
R36,59.90368,74.45,180,Top
R37,59.90368,81.035,180,Top
R38,59.90368,87.62,180,Top
R39,48.20368,73.205,180,Top
R40,101.55368,42.795,0,Top
R41,64.05368,70.34,180,Top
R42,64.05368,76.925,180,Top
R43,64.05368,83.51,180,Top
R44,52.35368,69.095,180,Top
R45,97.40368,46.905,0,Top
R46,64.05368,74.15,180,Top
R47,64.05368,80.735,180,Top
R48,64.05368,87.32,180,Top
R49,52.35368,72.905,180,Top
R50,97.40368,43.095,0,Top
R63,52.35368,80.405,180,Top
R64,52.35368,77.405,180,Top
R65,47.614254,64.475,-90,Top
R66,50.614254,64.475,-90,Top
R67,52.35368,87.405,180,Top
R68,52.35368,84.405,180,Top
R69,52.35368,78.905,0,Top
R70,52.35368,75.905,0,Top
R71,49.114254,64.475,90,Top
R72,52.114254,64.475,90,Top
R73,52.35368,85.905,0,Top
R74,52.35368,82.905,0,Top
